Model,Accuracy,Precision,Recall,F1 Score
Random Forest,0.91525,0.9036708244202716,0.91525,0.9049627750008089
Logistic Regression,0.77825,0.8356374778078376,0.77825,0.8029781847105688
